Zeit,Kanal A
(us),(V)

-0.40300000,0.00000000
-0.40200000,0.00000000
-0.40100000,0.00000000
-0.40000000,0.00000000
-0.39900000,-0.00024606
-0.39800000,-0.00123031
-0.39700000,0.00381398
-0.39600000,0.01470226
-0.39500000,0.01445620
-0.39400000,0.00252215
-0.39300000,0.00252215
-0.39200000,0.01445620
-0.39100000,0.01470226
-0.39000000,0.00381398
-0.38900000,-0.00123031
-0.38800000,-0.00024606
-0.38700000,0.00000000
-0.38600000,0.00000000
-0.38500000,0.00000000
-0.38400000,0.00000000
-0.38300000,0.00000000
-0.38200000,0.00000000
-0.38100000,0.00000000
-0.38000000,0.00000000
-0.37900000,-0.00024606
-0.37800000,-0.00123031
-0.37700000,0.00381398
-0.37600000,0.01470226
-0.37500000,0.01470226
-0.37400000,0.00381398
-0.37300000,-0.00123031
-0.37200000,-0.00024606
-0.37100000,0.00000000
-0.37000000,0.00000000
-0.36900000,0.00000000
-0.36800000,0.00000000
-0.36700000,0.00000000
-0.36600000,0.00000000
-0.36500000,-0.00024606
-0.36400000,-0.00123031
-0.36300000,0.00350640
-0.36200000,0.01347195
-0.36100000,0.01845472
-0.36000000,0.01845472
-0.35900000,0.01316437
-0.35800000,0.00227608
-0.35700000,0.00252215
-0.35600000,0.01445620
-0.35500000,0.01470226
-0.35400000,0.00381398
-0.35300000,-0.00123031
-0.35200000,-0.00024606
-0.35100000,0.00000000
-0.35000000,0.00000000
-0.34900000,0.00000000
-0.34800000,0.00000000
-0.34700000,-0.00024606
-0.34600000,-0.00123031
-0.34500000,0.00381398
-0.34400000,0.01470226
-0.34300000,0.01470226
-0.34200000,0.00381398
-0.34100000,-0.00123031
-0.34000000,-0.00024606
-0.33900000,0.00000000
-0.33800000,0.00000000
-0.33700000,0.00000000
-0.33600000,0.00000000
-0.33500000,-0.00024606
-0.33400000,-0.00123031
-0.33300000,0.00381398
-0.33200000,0.01470226
-0.33100000,0.01445620
-0.33000000,0.00252215
-0.32900000,0.00252215
-0.32800000,0.01445620
-0.32700000,0.01470226
-0.32600000,0.00381398
-0.32500000,-0.00123031
-0.32400000,-0.00024606
-0.32300000,0.00000000
-0.32200000,0.00000000
-0.32100000,0.00000000
-0.32000000,0.00000000
-0.31900000,0.00000000
-0.31800000,0.00000000
-0.31700000,0.00000000
-0.31600000,0.00000000
-0.31500000,-0.00024606
-0.31400000,-0.00123031
-0.31300000,0.00381398
-0.31200000,0.01470226
-0.31100000,0.01470226
-0.31000000,0.00381398
-0.30900000,-0.00123031
-0.30800000,-0.00024606
-0.30700000,0.00000000
-0.30600000,0.00000000
-0.30500000,0.00000000
-0.30400000,0.00000000
-0.30300000,-0.00024606
-0.30200000,-0.00123031
-0.30100000,0.00381398
-0.30000000,0.01470226
-0.29900000,0.01445620
-0.29800000,0.00252215
-0.29700000,0.00252215
-0.29600000,0.01445620
-0.29500000,0.01445620
-0.29400000,0.00252215
-0.29300000,0.00252215
-0.29200000,0.01445620
-0.29100000,0.01470226
-0.29000000,0.00381398
-0.28900000,-0.00123031
-0.28800000,-0.00024606
-0.28700000,0.00000000
-0.28600000,0.00000000
-0.28500000,-0.00024606
-0.28400000,-0.00123031
-0.28300000,0.00350640
-0.28200000,0.01347195
-0.28100000,0.01845472
-0.28000000,0.01845472
-0.27900000,0.01347195
-0.27800000,0.00350640
-0.27700000,-0.00147638
-0.27600000,-0.00147638
-0.27500000,0.00381398
-0.27400000,0.01470226
-0.27300000,0.01470226
-0.27200000,0.00381398
-0.27100000,-0.00147638
-0.27000000,-0.00147638
-0.26900000,0.00350640
-0.26800000,0.01347195
-0.26700000,0.01820866
-0.26600000,0.01722441
-0.26500000,0.01722441
-0.26400000,0.01820866
-0.26300000,0.01347195
-0.26200000,0.00350640
-0.26100000,-0.00123031
-0.26000000,-0.00024606
-0.25900000,0.00000000
-0.25800000,0.00000000
-0.25700000,0.00000000
-0.25600000,0.00000000
-0.25500000,0.00000000
-0.25400000,0.00000000
-0.25300000,0.00000000
-0.25200000,0.00000000
-0.25100000,-0.00024606
-0.25000000,-0.00123031
-0.24900000,0.00381398
-0.24800000,0.01470226
-0.24700000,0.01470226
-0.24600000,0.00381398
-0.24500000,-0.00123031
-0.24400000,-0.00024606
-0.24300000,0.00000000
-0.24200000,0.00000000
-0.24100000,0.00000000
-0.24000000,0.00000000
-0.23900000,-0.00024606
-0.23800000,-0.00123031
-0.23700000,0.00381398
-0.23600000,0.01470226
-0.23500000,0.01445620
-0.23400000,0.00252215
-0.23300000,0.00252215
-0.23200000,0.01445620
-0.23100000,0.01445620
-0.23000000,0.00252215
-0.22900000,0.00252215
-0.22800000,0.01445620
-0.22700000,0.01470226
-0.22600000,0.00381398
-0.22500000,-0.00123031
-0.22400000,-0.00024606
-0.22300000,0.00000000
-0.22200000,0.00000000
-0.22100000,0.00000000
-0.22000000,0.00000000
-0.21900000,0.00000000
-0.21800000,0.00000000
-0.21700000,0.00000000
-0.21600000,0.00000000
-0.21500000,-0.00024606
-0.21400000,-0.00123031
-0.21300000,0.00381398
-0.21200000,0.01470226
-0.21100000,0.01470226
-0.21000000,0.00381398
-0.20900000,-0.00123031
-0.20800000,-0.00024606
-0.20700000,-0.00024606
-0.20600000,-0.00123031
-0.20500000,0.00381398
-0.20400000,0.01470226
-0.20300000,0.01445620
-0.20200000,0.00252215
-0.20100000,0.00252215
-0.20000000,0.01445620
-0.19900000,0.01470226
-0.19800000,0.00381398
-0.19700000,-0.00123031
-0.19600000,-0.00024606
-0.19500000,0.00000000
-0.19400000,0.00000000
-0.19300000,0.00000000
-0.19200000,0.00000000
-0.19100001,-0.00024606
-0.19000001,-0.00123031
-0.18900001,0.00381398
-0.18800001,0.01470226
-0.18700001,0.01445620
-0.18600001,0.00252215
-0.18500001,0.00252215
-0.18400001,0.01445620
-0.18300001,0.01470226
-0.18200001,0.00381398
-0.18100001,-0.00123031
-0.18000001,-0.00024606
-0.17900001,0.00000000
-0.17800001,0.00000000
-0.17700001,0.00000000
-0.17600001,0.00000000
-0.17500001,0.00000000
-0.17400001,0.00000000
-0.17300001,-0.00024606
-0.17200001,-0.00123031
-0.17100001,0.00350640
-0.17000001,0.01347195
-0.16900001,0.01845472
-0.16800001,0.01845472
-0.16700001,0.01347195
-0.16600001,0.00350640
-0.16500001,-0.00123031
-0.16400001,-0.00024606
-0.16300001,0.00000000
-0.16200001,0.00000000
-0.16100001,0.00000000
-0.16000001,0.00000000
-0.15900001,0.00000000
-0.15800001,0.00000000
-0.15700001,0.00000000
-0.15600001,0.00000000
-0.15500001,-0.00024606
-0.15400001,-0.00123031
-0.15300001,0.00381398
-0.15200001,0.01470226
-0.15100001,0.01445620
-0.15000001,0.00252215
-0.14900001,0.00252215
-0.14800001,0.01445620
-0.14700001,0.01470226
-0.14600001,0.00381398
-0.14500001,-0.00123031
-0.14400001,-0.00024606
-0.14300001,0.00000000
-0.14200001,0.00000000
-0.14100001,0.00000000
-0.14000001,0.00000000
-0.13900001,-0.00024606
-0.13800001,-0.00123031
-0.13700001,0.00381398
-0.13600001,0.01470226
-0.13500001,0.01445620
-0.13400001,0.00252215
-0.13300001,0.00252215
-0.13200001,0.01445620
-0.13100001,0.01470226
-0.13000001,0.00381398
-0.12900001,-0.00123031
-0.12800001,-0.00024606
-0.12700001,0.00000000
-0.12600001,0.00000000
-0.12500001,0.00000000
-0.12400001,0.00000000
-0.12300001,-0.00024606
-0.12200001,-0.00123031
-0.12100001,0.00381398
-0.12000001,0.01470226
-0.11900001,0.01470226
-0.11800001,0.00381398
-0.11700001,-0.00123031
-0.11600001,-0.00024606
-0.11500001,0.00000000
-0.11400001,0.00000000
-0.11300001,0.00000000
-0.11200001,0.00000000
-0.11100001,-0.00024606
-0.11000001,-0.00123031
-0.10900001,0.00381398
-0.10800001,0.01470226
-0.10700001,0.01445620
-0.10600001,0.00252215
-0.10500001,0.00252215
-0.10400001,0.01445620
-0.10300001,0.01470226
-0.10200001,0.00381398
-0.10100001,-0.00123031
-0.10000001,-0.00024606
-0.09900001,0.00000000
-0.09800001,0.00000000
-0.09700001,0.00000000
-0.09600001,0.00000000
-0.09500001,0.00000000
-0.09400001,0.00000000
-0.09300001,0.00000000
-0.09200001,0.00000000
-0.09100001,-0.00024606
-0.09000001,-0.00123031
-0.08900001,0.00381398
-0.08800001,0.01470226
-0.08700001,0.01445620
-0.08600001,0.00252215
-0.08500001,0.00252215
-0.08400001,0.01445620
-0.08300001,0.01470226
-0.08200001,0.00381398
-0.08100001,-0.00123031
-0.08000001,-0.00024606
-0.07900001,0.00000000
-0.07800001,0.00000000
-0.07700001,0.00000000
-0.07600001,0.00000000
-0.07500001,-0.00024606
-0.07400001,-0.00123031
-0.07300001,0.00381398
-0.07200001,0.01470226
-0.07100001,0.01470226
-0.07000001,0.00381398
-0.06900001,-0.00123031
-0.06800001,-0.00024606
-0.06700001,0.00000000
-0.06600001,0.00000000
-0.06500001,0.00000000
-0.06400001,0.00000000
-0.06300001,-0.00024606
-0.06200001,-0.00123031
-0.06100001,0.00381398
-0.06000001,0.01470226
-0.05900001,0.01445620
-0.05800001,0.00252215
-0.05700001,0.00252215
-0.05600001,0.01445620
-0.05500001,0.01445620
-0.05400001,0.00252215
-0.05300001,0.00252215
-0.05200001,0.01445620
-0.05100001,0.01445620
-0.05000001,0.00252215
-0.04900001,0.00227608
-0.04800001,0.01316437
-0.04700001,0.01820866
-0.04600001,0.01722441
-0.04500001,0.01697835
-0.04400001,0.01697835
-0.04300001,0.01697835
-0.04200001,0.01697835
-0.04100001,0.01697835
-0.04000001,0.01697835
-0.03900001,0.01697835
-0.03800001,0.01697835
-0.03700001,0.01697835
-0.03600001,0.01697835
-0.03500001,0.01673228
-0.03400001,0.01574803
-0.03300001,0.02054626
-0.03200001,0.03045030
-0.03100001,0.03500246
-0.03000001,0.03303396
-0.02900001,0.03758612
-0.02800001,0.04749016
-0.02700001,0.05228839
-0.02600001,0.05130414
-0.02500001,0.05081201
-0.02400001,0.04982775
-0.02300001,0.05462598
-0.02200001,0.06453002
-0.02100001,0.06908219
-0.02000001,0.06711368
-0.01900001,0.07166585
-0.01800001,0.08156988
-0.01700001,0.08612204
-0.01600001,0.08415354
-0.01500001,0.08845965
-0.01400001,0.09737943
-0.01300001,0.10672982
-0.01200001,0.11466535
-0.01100001,0.12376969
-0.01000001,0.13170521
-0.00900001,0.14080955
-0.00800001,0.14874507
-0.00700001,0.15784942
-0.00600001,0.16578494
-0.00500001,0.17488927
-0.00400001,0.18282481
-0.00300001,0.19168307
-0.00200001,0.19863436
-0.00100001,0.21253690
-0.00000001,0.23037648
0.00099999,0.24403296
0.00199999,0.25000000
0.00299999,0.26365650
0.00399999,0.28149605
0.00499999,0.29515254
0.00599999,0.30111960
0.00699999,0.31477609
0.00799999,0.33261564
0.00899999,0.34627214
0.00999999,0.35223916
0.01099999,0.36589566
0.01199999,0.38373524
0.01299999,0.39739174
0.01399999,0.40335876
0.01499999,0.41701525
0.01599999,0.43485484
0.01699999,0.44851130
0.01799999,0.45447835
0.01899999,0.46813485
0.01999999,0.48597440
0.02099999,0.49987698
0.02199999,0.50682825
0.02299999,0.51568651
0.02399999,0.52362204
0.02499999,0.53272635
0.02599999,0.54066193
0.02699999,0.55001229
0.02799999,0.55893207
0.02899999,0.56323820
0.02999999,0.56126970
0.03099999,0.56557578
0.03199999,0.57449555
0.03299999,0.58409202
0.03399999,0.59301180
0.03499999,0.59731793
0.03599999,0.59534943
0.03699999,0.59965551
0.03799999,0.60857528
0.03899999,0.61841780
0.03999999,0.62838334
0.04099999,0.62789124
0.04199999,0.61589569
0.04299999,0.61564958
0.04399999,0.62659943
0.04499999,0.63164371
0.04599999,0.63065946
0.04699999,0.63041341
0.04799999,0.63041341
0.04899999,0.63041341
0.04999999,0.63041341
0.05099999,0.63016731
0.05199999,0.62918305
0.05299999,0.63398129
0.05399999,0.64388531
0.05499999,0.64899117
0.05599999,0.64899117
0.05699999,0.64363927
0.05799999,0.63268948
0.05899999,0.63293552
0.05999999,0.64493108
0.06099999,0.64517719
0.06199999,0.63422734
0.06299999,0.62918305
0.06399999,0.63016731
0.06499999,0.63041341
0.06599999,0.63041341
0.06699999,0.63016731
0.06799999,0.62918305
0.06899999,0.63398129
0.06999999,0.64388531
0.07099999,0.64899117
0.07199999,0.64899117
0.07299999,0.64388531
0.07399999,0.63398129
0.07499999,0.62918305
0.07599999,0.63016731
0.07699999,0.63041341
0.07799999,0.63041341
0.07899999,0.63041341
0.07999999,0.63041341
0.08099999,0.63041341
0.08199999,0.63041341
0.08299999,0.63041341
0.08399999,0.63041341
0.08499999,0.63041341
0.08599999,0.63041341
0.08699999,0.63065946
0.08799999,0.63164371
0.08899999,0.62659943
0.08999999,0.61564958
0.09099999,0.61589569
0.09199999,0.62789124
0.09299999,0.62813729
0.09399999,0.61718750
0.09499999,0.61214322
0.09599999,0.61312747
0.09699999,0.61337352
0.09799999,0.61337352
0.09899999,0.61337352
0.09999999,0.61337352
0.10099999,0.61312747
0.10199999,0.61214322
0.10299999,0.61718750
0.10399999,0.62813729
0.10499999,0.62813729
0.10599999,0.61718750
0.10699999,0.61214322
0.10799999,0.61312747
0.10899999,0.61337352
0.10999999,0.61337352
0.11099999,0.61337352
0.11199999,0.61337352
0.11299999,0.61337352
0.11399999,0.61337352
0.11499999,0.61337352
0.11599999,0.61337352
0.11699999,0.61337352
0.11799999,0.61337352
0.11899999,0.61337352
0.11999999,0.61337352
0.12099999,0.61337352
0.12199999,0.61337352
0.12299999,0.61337352
0.12399999,0.61337352
0.12499999,0.61337352
0.12599999,0.61337352
0.12699999,0.61337352
0.12799999,0.61337352
0.12899999,0.61337352
0.12999999,0.61337352
0.13099999,0.61337352
0.13199999,0.61337352
0.13299999,0.61337352
0.13399999,0.61337352
0.13499999,0.61337352
0.13599999,0.61337352
0.13699999,0.61337352
0.13799999,0.61337352
0.13899999,0.61337352
0.13999999,0.61337352
0.14099999,0.61337352
0.14199999,0.61337352
0.14299999,0.61337352
0.14399999,0.61337352
0.14499999,0.61337352
0.14599999,0.61337352
0.14699999,0.61337352
0.14799999,0.61337352
0.14899999,0.61337352
0.14999999,0.61337352
0.15099999,0.61337352
0.15199999,0.61337352
0.15299999,0.61337352
0.15399999,0.61337352
0.15499999,0.61337352
0.15599999,0.61337352
0.15699999,0.61337352
0.15799999,0.61337352
0.15899999,0.61337352
0.15999999,0.61337352
0.16099999,0.61337352
0.16199999,0.61337352
0.16299998,0.61337352
0.16399998,0.61337352
0.16499998,0.61337352
0.16599998,0.61337352
0.16699998,0.61361957
0.16799998,0.61460382
0.16899998,0.60955954
0.16999998,0.59860975
0.17099998,0.59860975
0.17199998,0.60955954
0.17299998,0.61460382
0.17399998,0.61361957
0.17499998,0.61337352
0.17599998,0.61337352
0.17699998,0.61337352
0.17799998,0.61337352
0.17899998,0.61337352
0.17999998,0.61337352
0.18099998,0.61337352
0.18199998,0.61337352
0.18299998,0.61337352
0.18399998,0.61337352
0.18499998,0.61337352
0.18599998,0.61337352
0.18699998,0.61337352
0.18799998,0.61337352
0.18899998,0.61337352
0.18999998,0.61337352
0.19099998,0.61337352
0.19199998,0.61337352
0.19299998,0.61337352
0.19399998,0.61337352
0.19499998,0.61337352
0.19599998,0.61337352
0.19699998,0.61337352
0.19799998,0.61337352
0.19899998,0.61361957
0.19999998,0.61460382
0.20099998,0.60955954
0.20199998,0.59860975
0.20299998,0.59860975
0.20399998,0.60955954
0.20499998,0.61460382
0.20599998,0.61361957
0.20699998,0.61337352
0.20799998,0.61337352
0.20899998,0.61337352
0.20999998,0.61337352
0.21099998,0.61337352
0.21199998,0.61337352
0.21299998,0.61337352
0.21399998,0.61337352
0.21499998,0.61337352
0.21599998,0.61337352
0.21699998,0.61337352
0.21799998,0.61337352
0.21899998,0.61361957
0.21999998,0.61460382
0.22099998,0.60955954
0.22199998,0.59860975
0.22299998,0.59860975
0.22399998,0.60955954
0.22499998,0.61460382
0.22599998,0.61361957
0.22699998,0.61337352
0.22799998,0.61337352
0.22899998,0.61337352
0.22999998,0.61337352
0.23099998,0.61337352
0.23199998,0.61337352
0.23299998,0.61337352
0.23399998,0.61337352
0.23499998,0.61337352
0.23599998,0.61337352
0.23699998,0.61337352
0.23799998,0.61337352
0.23899998,0.61337352
0.23999998,0.61337352
0.24099998,0.61337352
0.24199998,0.61337352
0.24299998,0.61312747
0.24399998,0.61214322
0.24499998,0.61694145
0.24599998,0.62684548
0.24699998,0.63164371
0.24799998,0.63065946
0.24899998,0.63041341
0.24999998,0.63041341
0.25099998,0.63041341
0.25199998,0.63041341
0.25299998,0.63041341
0.25399998,0.63041341
0.25499998,0.63016731
0.25599998,0.62918305
0.25699998,0.63398129
0.25799998,0.64388531
0.25899998,0.64843750
0.25999998,0.64646900
0.26099998,0.65102118
0.26199998,0.66092521
0.26299998,0.66572344
0.26399998,0.66473919
0.26499998,0.66424704
0.26599998,0.66326278
0.26699998,0.66806102
0.26799998,0.67796504
0.26899998,0.68251723
0.26999998,0.68054873
0.27099998,0.68485481
0.27199998,0.69377458
0.27299998,0.70337105
0.27399998,0.71229082
0.27499998,0.71659696
0.27599998,0.71462846
0.27699998,0.71887302
0.27799998,0.72779280
0.27899998,0.73714322
0.27999998,0.74507874
0.28099998,0.75418305
0.28199998,0.76211858
0.28299998,0.77122295
0.28399998,0.77915847
0.28499998,0.78826278
0.28599998,0.79619831
0.28699998,0.80530268
0.28799998,0.81323820
0.28899998,0.82234251
0.28999998,0.83027804
0.29099998,0.83913630
0.29199998,0.84608757
0.29299998,0.85999018
0.29399998,0.87782973
0.29499998,0.89203984
0.29599998,0.89997542
0.29699998,0.90372783
0.29799998,0.90071356
0.29899998,0.91006398
0.29999998,0.92999506
0.30099998,0.93934548
0.30199998,0.93633121
0.30299998,0.94039124
0.30399998,0.94931102
0.30499998,0.95866144
0.30599998,0.96659696
0.30699998,0.97570127
0.30799998,0.98363680
0.30899998,0.99274117
0.30999998,1.00067663
0.31099998,1.01027310
0.31199998,1.02023864
0.31299998,1.01943898
0.31399998,1.00652063
0.31499998,1.01131892
0.31599998,1.03321850
0.31699998,1.03801668
0.31799998,1.02509844
0.31899998,1.02429867
0.31999998,1.03426433
0.32099998,1.04410684
0.32199998,1.05302656
0.32299998,1.05757868
0.32399998,1.05659449
0.32499998,1.05610240
0.32599998,1.05511808
0.32699998,1.06016243
0.32799998,1.07111216
0.32899998,1.07086611
0.32999998,1.05887055
0.33099998,1.05862451
0.33199998,1.06957436
0.33299998,1.07461858
0.33399998,1.07363439
0.33499998,1.07314217
0.33599998,1.07215798
0.33699998,1.07720220
0.33799998,1.08815205
0.33899998,1.08790600
0.33999998,1.07591045
0.34099998,1.07566440
0.34199998,1.08661413
0.34299998,1.09196603
0.34399998,1.09196603
0.34499998,1.08661413
0.34599998,1.07566440
0.34699998,1.07591045
0.34799998,1.08790600
0.34899998,1.08815205
0.34999998,1.07720220
0.35099998,1.07185042
0.35199998,1.07185042
0.35299998,1.07720220
0.35399998,1.08815205
0.35499998,1.08790600
0.35599998,1.07591045
0.35699998,1.07566440
0.35799998,1.08661413
0.35899998,1.09196603
0.35999998,1.09196603
0.36099998,1.08661413
0.36199998,1.07566440
0.36299998,1.07591045
0.36399998,1.08790600
0.36499998,1.08815205
0.36599998,1.07720220
0.36699998,1.07185042
0.36799998,1.07185042
0.36899998,1.07720220
0.36999998,1.08815205
0.37099998,1.08815205
0.37199998,1.07720220
0.37299998,1.07185042
0.37399998,1.07185042
0.37499998,1.07720220
0.37599998,1.08815205
0.37699998,1.08815205
0.37799998,1.07720220
0.37899998,1.07215798
0.37999998,1.07314217
0.38099998,1.07338834
0.38199998,1.07338834
0.38299998,1.07338834
0.38399998,1.07338834
0.38499998,1.07338834
0.38599998,1.07338834
0.38699998,1.07338834
0.38799998,1.07338834
0.38899998,1.07314217
0.38999998,1.07215798
0.39099998,1.07720220
0.39199998,1.08815205
0.39299998,1.08815205
0.39399998,1.07720220
0.39499998,1.07215798
0.39599998,1.07314217
0.39699998,1.07338834
0.39799998,1.07338834
0.39899998,1.07338834
0.39999998,1.07338834
0.40099998,1.07338834
0.40199998,1.07338834
0.40299998,1.07338834
0.40399998,1.07338834
0.40499998,1.07314217
0.40599998,1.07215798
0.40699998,1.07720220
0.40799998,1.08815205
0.40899998,1.08815205
0.40999998,1.07720220
0.41099998,1.07215798
0.41199998,1.07314217
0.41299998,1.07338834
0.41399998,1.07338834
0.41499998,1.07338834
0.41599998,1.07338834
0.41699998,1.07338834
0.41799998,1.07338834
0.41899998,1.07338834
0.41999998,1.07338834
0.42099998,1.07338834
0.42199998,1.07338834
0.42299998,1.07338834
0.42399998,1.07338834
0.42499998,1.07338834
0.42599998,1.07338834
0.42699998,1.07338834
0.42799998,1.07338834
0.42899998,1.07338834
0.42999998,1.07338834
0.43099998,1.07338834
0.43199998,1.07338834
0.43299998,1.07338834
0.43399998,1.07338834
0.43499998,1.07338834
0.43599998,1.07338834
0.43699998,1.07314217
0.43799998,1.07215798
0.43899998,1.07720220
0.43999998,1.08815205
0.44099998,1.08815205
0.44199998,1.07720220
0.44299998,1.07215798
0.44399998,1.07314217
0.44499998,1.07338834
0.44599998,1.07338834
0.44699998,1.07338834
0.44799998,1.07338834
0.44899998,1.07338834
0.44999998,1.07338834
0.45099998,1.07338834
0.45199998,1.07338834
0.45299998,1.07314217
0.45399998,1.07215798
0.45499998,1.07720220
0.45599998,1.08815205
0.45699998,1.08815205
0.45799998,1.07720220
0.45899998,1.07215798
0.45999998,1.07314217
0.46099998,1.07338834
0.46199998,1.07338834
0.46299998,1.07338834
0.46399998,1.07338834
0.46499998,1.07338834
0.46599998,1.07338834
0.46699998,1.07338834
0.46799998,1.07338834
0.46899998,1.07314217
0.46999998,1.07215798
0.47099998,1.07720220
0.47199998,1.08815205
0.47299998,1.08815205
0.47399998,1.07720220
0.47499998,1.07215798
0.47599998,1.07314217
0.47699998,1.07338834
0.47799998,1.07338834
0.47899998,1.07338834
0.47999998,1.07338834
0.48099998,1.07338834
0.48199998,1.07338834
0.48299998,1.07338834
0.48399998,1.07338834
0.48499998,1.07314217
0.48599998,1.07215798
0.48699998,1.07720220
0.48799998,1.08815205
0.48899998,1.08790600
0.48999998,1.07591045
0.49099998,1.07591045
0.49199998,1.08790600
0.49299998,1.08815205
0.49399998,1.07720220
0.49499998,1.07185042
0.49599998,1.07185042
0.49699998,1.07720220
0.49799998,1.08815205
0.49899998,1.08815205
0.49999998,1.07720220
0.50099998,1.07185042
0.50199998,1.07185042
0.50299998,1.07720220
0.50399998,1.08815205
0.50499998,1.08790600
0.50599998,1.07591045
0.50699998,1.07591045
0.50799998,1.08790600
0.50899998,1.08815205
0.50999998,1.07720220
0.51099998,1.07185042
0.51199998,1.07185042
0.51299998,1.07720220
0.51399998,1.08815205
0.51499998,1.08790600
0.51599997,1.07591045
0.51699997,1.07566440
0.51799997,1.08661413
0.51899997,1.09196603
0.51999997,1.09196603
0.52099997,1.08661413
0.52199997,1.07566440
0.52299997,1.07591045
0.52399997,1.08790600
0.52499997,1.08815205
0.52599997,1.07720220
0.52699997,1.07185042
0.52799997,1.07185042
0.52899997,1.07720220
0.52999997,1.08815205
0.53099997,1.08790600
0.53199997,1.07591045
0.53299997,1.07566440
0.53399997,1.08661413
0.53499997,1.09196603
0.53599997,1.09196603
0.53699997,1.08661413
0.53799997,1.07566440
0.53899997,1.07591045
0.53999997,1.08790600
0.54099997,1.08815205
0.54199997,1.07720220
0.54299997,1.07215798
0.54399997,1.07314217
0.54499997,1.07338834
0.54599997,1.07338834
0.54699997,1.07338834
0.54799997,1.07338834
0.54899997,1.07314217
0.54999997,1.07215798
0.55099997,1.07720220
0.55199997,1.08815205
0.55299997,1.08815205
0.55399997,1.07720220
0.55499997,1.07215798
0.55599997,1.07314217
0.55699997,1.07338834
0.55799997,1.07338834
0.55899997,1.07338834
0.55999997,1.07338834
0.56099997,1.07338834
0.56199997,1.07338834
0.56299997,1.07338834
0.56399997,1.07338834
0.56499997,1.07338834
0.56599997,1.07338834
0.56699997,1.07363439
0.56799997,1.07461858
0.56899997,1.06982040
0.56999997,1.05991638
0.57099997,1.05511808
0.57199997,1.05610240
0.57299997,1.05659449
0.57399997,1.05757868
0.57499997,1.05253446
0.57599997,1.04158461
0.57699997,1.04183066
0.57799997,1.05382633
0.57899997,1.05382633
0.57999997,1.04183066
0.58099997,1.04158461
0.58199997,1.05253446
0.58299997,1.05788636
0.58399997,1.05788636
0.58499997,1.05278051
0.58599997,1.04287648
0.58699997,1.03832436
0.58799997,1.04029286
0.58899997,1.03574061
0.58999997,1.02583659
0.59099997,1.02073085
0.59199997,1.02073085
0.59299997,1.02608263
0.59399997,1.03703249
0.59499997,1.03678644
0.59599997,1.02479088
0.59699997,1.02454484
0.59799997,1.03549457
0.59899997,1.04084647
0.59999997,1.04084647
0.60099997,1.03574061
0.60199997,1.02583659
0.60299997,1.02103841
0.60399997,1.02202260
0.60499997,1.02226865
0.60599997,1.02226865
0.60699997,1.02226865
0.60799997,1.02226865
0.60899997,1.02226865
0.60999997,1.02226865
0.61099997,1.02226865
0.61199997,1.02226865
0.61299997,1.02226865
0.61399997,1.02226865
0.61499997,1.02226865
0.61599997,1.02226865
0.61699997,1.02226865
0.61799997,1.02226865
0.61899997,1.02251470
0.61999997,1.02349901
0.62099997,1.01870084
0.62199997,1.00879669
0.62299997,1.00369096
0.62399997,1.00369096
0.62499997,1.00904286
0.62599997,1.01999259
0.62699997,1.01999259
0.62799997,1.00904286
0.62899997,1.00369096
0.62999997,1.00369096
0.63099997,1.00904286
0.63199997,1.01999259
0.63299997,1.01974654
0.63399997,1.00775099
0.63499997,1.00775099
0.63599997,1.01974654
0.63699997,1.01999259
0.63799997,1.00904286
0.63899997,1.00369096
0.63999997,1.00369096
0.64099997,1.00904286
0.64199997,1.01999259
0.64299997,1.01974654
0.64399997,1.00775099
0.64499997,1.00750494
0.64599997,1.01845467
0.64699997,1.02380657
0.64799997,1.02380657
0.64899997,1.01870084
0.64999997,1.00879669
0.65099997,1.00399852
0.65199997,1.00498283
0.65299997,1.00522888
0.65399997,1.00522888
0.65499997,1.00498283
0.65599997,1.00399852
0.65699997,1.00904286
0.65799997,1.01999259
0.65899997,1.01974654
0.65999997,1.00775099
0.66099997,1.00750494
0.66199997,1.01845467
0.66299997,1.02380657
0.66399997,1.02380657
0.66499997,1.01870084
0.66599997,1.00879669
0.66699997,1.00399852
0.66799997,1.00498283
0.66899997,1.00522888
0.66999997,1.00522888
0.67099997,1.00522888
0.67199997,1.00522888
0.67299997,1.00522888
0.67399997,1.00522888
0.67499997,1.00522888
0.67599997,1.00522888
0.67699997,1.00498283
0.67799997,1.00399852
0.67899997,1.00904286
0.67999997,1.01999259
0.68099997,1.01999259
0.68199997,1.00904286
0.68299997,1.00399852
0.68399997,1.00498283
0.68499997,1.00522888
0.68599997,1.00522888
0.68699997,1.00522888
0.68799997,1.00522888
0.68899997,1.00522888
0.68999997,1.00522888
0.69099997,1.00522888
0.69199997,1.00522888
0.69299997,1.00498283
0.69399997,1.00399852
0.69499997,1.00904286
0.69599997,1.01999259
0.69699997,1.01999259
0.69799997,1.00904286
0.69899997,1.00399852
0.69999997,1.00498283
0.70099997,1.00522888
0.70199997,1.00522888
0.70299997,1.00522888
0.70399997,1.00522888
0.70499997,1.00522888
0.70599997,1.00522888
0.70699997,1.00522888
0.70799997,1.00522888
0.70899997,1.00498283
0.70999997,1.00399852
0.71099997,1.00904286
0.71199997,1.01999259
0.71299997,1.01999259
0.71399997,1.00904286
0.71499997,1.00399852
0.71599997,1.00498283
0.71699997,1.00522888
0.71799997,1.00522888
0.71899997,1.00498283
0.71999997,1.00399852
0.72099997,1.00904286
0.72199997,1.01999259
0.72299997,1.01999259
0.72399997,1.00904286
0.72499997,1.00369096
0.72599997,1.00369096
0.72699997,1.00904286
0.72799997,1.01999259
0.72899997,1.01999259
0.72999997,1.00904286
0.73099997,1.00399852
0.73199997,1.00498283
0.73299997,1.00522888
0.73399997,1.00522888
0.73499997,1.00522888
0.73599997,1.00522888
0.73699997,1.00522888
0.73799997,1.00522888
0.73899997,1.00522888
0.73999997,1.00522888
0.74099997,1.00498283
0.74199997,1.00399852
0.74299997,1.00904286
0.74399997,1.01999259
0.74499997,1.01999259
0.74599997,1.00904286
0.74699997,1.00399852
0.74799997,1.00498283
0.74899997,1.00522888
0.74999997,1.00522888
0.75099997,1.00522888
0.75199997,1.00522888
0.75299997,1.00522888
0.75399997,1.00522888
0.75499997,1.00522888
0.75599997,1.00522888
0.75699997,1.00498283
0.75799997,1.00399852
0.75899997,1.00904286
0.75999997,1.01999259
0.76099997,1.01999259
0.76199997,1.00904286
0.76299997,1.00399852
0.76399997,1.00498283
0.76499997,1.00522888
0.76599997,1.00522888
0.76699997,1.00522888
0.76799997,1.00522888
0.76899997,1.00522888
0.76999997,1.00522888
0.77099997,1.00522888
0.77199997,1.00522888
0.77299997,1.00522888
0.77399997,1.00522888
0.77499997,1.00522888
0.77599997,1.00522888
0.77699997,1.00522888
0.77799997,1.00522888
0.77899997,1.00522888
0.77999997,1.00522888
0.78099997,1.00522888
0.78199997,1.00522888
0.78299997,1.00522888
0.78399997,1.00522888
0.78499997,1.00522888
0.78599997,1.00522888
0.78699997,1.00522888
0.78799997,1.00522888
0.78899997,1.00498283
0.78999997,1.00399852
0.79099997,1.00904286
0.79199997,1.01999259
0.79299997,1.01999259
0.79399997,1.00904286
0.79499997,1.00399852
0.79599997,1.00498283
0.79699997,1.00522888
0.79799997,1.00522888
0.79899997,1.00522888
0.79999997,1.00522888
0.80099997,1.00522888
0.80199997,1.00522888
0.80299997,1.00522888
0.80399997,1.00522888
0.80499997,1.00498283
0.80599997,1.00399852
0.80699997,1.00904286
0.80799997,1.01999259
0.80899997,1.01999259
0.80999997,1.00904286
0.81099997,1.00399852
0.81199997,1.00498283
0.81299997,1.00522888
0.81399997,1.00522888
0.81499997,1.00522888
0.81599997,1.00522888
0.81699997,1.00522888
0.81799997,1.00522888
0.81899997,1.00522888
0.81999997,1.00522888
0.82099997,1.00498283
0.82199997,1.00399852
0.82299997,1.00904286
0.82399997,1.01999259
0.82499997,1.01999259
0.82599997,1.00904286
0.82699997,1.00399852
0.82799997,1.00498283
0.82899997,1.00522888
0.82999997,1.00522888
0.83099997,1.00522888
0.83199997,1.00522888
0.83299997,1.00522888
0.83399997,1.00522888
0.83499997,1.00522888
0.83599997,1.00522888
0.83699997,1.00498283
0.83799997,1.00399852
0.83899997,1.00904286
0.83999997,1.01999259
0.84099997,1.01999259
0.84199997,1.00904286
0.84299997,1.00399852
0.84399997,1.00498283
0.84499997,1.00522888
0.84599997,1.00522888
0.84699997,1.00498283
0.84799997,1.00399852
0.84899997,1.00904286
0.84999997,1.01999259
0.85099997,1.01999259
0.85199997,1.00904286
0.85299997,1.00369096
0.85399997,1.00369096
0.85499997,1.00904286
0.85599997,1.01999259
0.85699997,1.01999259
0.85799997,1.00904286
0.85899997,1.00399852
0.85999997,1.00498283
0.86099997,1.00522888
0.86199997,1.00522888
0.86299997,1.00498283
0.86399997,1.00399852
0.86499997,1.00904286
0.86599997,1.01999259
0.86699997,1.01999259
0.86799997,1.00904286
0.86899997,1.00369096
0.86999996,1.00369096
0.87099996,1.00904286
0.87199996,1.01999259
0.87299996,1.01999259
0.87399996,1.00904286
0.87499996,1.00399852
0.87599996,1.00498283
0.87699996,1.00522888
0.87799996,1.00522888
0.87899996,1.00522888
0.87999996,1.00522888
0.88099996,1.00522888
0.88199996,1.00522888
0.88299996,1.00498283
0.88399996,1.00399852
0.88499996,1.00879669
0.88599996,1.01870084
0.88699996,1.02380657
0.88799996,1.02380657
0.88899996,1.01845467
0.88999996,1.00750494
0.89099996,1.00775099
0.89199996,1.01974654
0.89299996,1.01999259
0.89399996,1.00904286
0.89499996,1.00369096
0.89599996,1.00369096
0.89699996,1.00904286
0.89799996,1.01999259
0.89899996,1.01974654
0.89999996,1.00775099
0.90099996,1.00750494
0.90199996,1.01845467
0.90299996,1.02380657
0.90399996,1.02380657
0.90499996,1.01845467
0.90599996,1.00750494
0.90699996,1.00750494
0.90799996,1.01845467
0.90899996,1.02380657
0.90999996,1.02380657
0.91099996,1.01845467
0.91199996,1.00750494
0.91299996,1.00750494
0.91399996,1.01845467
0.91499996,1.02349901
0.91599996,1.02251470
0.91699996,1.02226865
0.91799996,1.02226865
0.91899996,1.02251470
0.91999996,1.02349901
0.92099996,1.01845467
0.92199996,1.00750494
0.92299996,1.00750494
0.92399996,1.01845467
0.92499996,1.02380657
0.92599996,1.02380657
0.92699996,1.01845467
0.92799996,1.00750494
0.92899996,1.00750494
0.92999996,1.01845467
0.93099996,1.02349901
0.93199996,1.02251470
0.93299996,1.02226865
0.93399996,1.02226865
0.93499996,1.02251470
0.93599996,1.02349901
0.93699996,1.01845467
0.93799996,1.00750494
0.93899996,1.00750494
0.93999996,1.01845467
0.94099996,1.02380657
0.94199996,1.02380657
0.94299996,1.01845467
0.94399996,1.00750494
0.94499996,1.00750494
0.94599996,1.01845467
0.94699996,1.02349901
0.94799996,1.02251470
0.94899996,1.02226865
0.94999996,1.02226865
0.95099996,1.02251470
0.95199996,1.02349901
0.95299996,1.01845467
0.95399996,1.00750494
0.95499996,1.00775099
0.95599996,1.01974654
0.95699996,1.01999259
0.95799996,1.00904286
0.95899996,1.00369096
0.95999996,1.00369096
0.96099996,1.00879669
0.96199996,1.01870084
0.96299996,1.02349901
0.96399996,1.02251470
0.96499996,1.02226865
0.96599996,1.02226865
0.96699996,1.02226865
0.96799996,1.02226865
0.96899996,1.02251470
0.96999996,1.02349901
0.97099996,1.01870084
0.97199996,1.00879669
0.97299996,1.00399852
0.97399996,1.00498283
0.97499996,1.00498283
0.97599996,1.00399852
0.97699996,1.00879669
0.97799996,1.01870084
0.97899996,1.02349901
0.97999996,1.02251470
0.98099996,1.02251470
0.98199996,1.02349901
0.98299996,1.01870084
0.98399996,1.00879669
0.98499996,1.00369096
0.98599996,1.00369096
0.98699996,1.00879669
0.98799996,1.01870084
0.98899996,1.02380657
0.98999996,1.02380657
0.99099996,1.01845467
0.99199996,1.00750494
0.99299996,1.00775099
0.99399996,1.01974654
0.99499996,1.01974654
0.99599996,1.00775099
0.99699996,1.00750494
0.99799996,1.01845467
0.99899996,1.02349901
0.99999996,1.02251470
1.00099996,1.02226865
1.00199996,1.02226865
1.00299996,1.02251470
1.00399996,1.02349901
1.00499996,1.01870084
1.00599996,1.00879669
1.00699996,1.00369096
1.00799996,1.00369096
1.00899996,1.00879669
1.00999996,1.01870084
1.01099996,1.02349901
1.01199996,1.02251470
1.01299996,1.02226865
1.01399996,1.02226865
1.01499996,1.02251470
1.01599996,1.02349901
1.01699996,1.01870084
1.01799996,1.00879669
1.01899996,1.00399852
1.01999996,1.00498283
1.02099996,1.00522888
1.02199996,1.00522888
1.02299996,1.00498283
1.02399996,1.00399852
1.02499996,1.00904286
1.02599996,1.01999259
1.02699996,1.01974654
1.02799996,1.00775099
1.02899996,1.00750494
1.02999996,1.01845467
1.03099996,1.02349901
1.03199996,1.02251470
1.03299996,1.02226865
1.03399996,1.02226865
1.03499996,1.02251470
1.03599996,1.02349901
1.03699996,1.01870084
1.03799996,1.00879669
1.03899996,1.00369096
1.03999996,1.00369096
1.04099996,1.00904286
1.04199996,1.01999259
1.04299996,1.01974654
1.04399996,1.00775099
1.04499996,1.00750494
1.04599996,1.01845467
1.04699996,1.02380657
1.04799996,1.02380657
1.04899996,1.01845467
1.04999996,1.00750494
1.05099996,1.00775099
1.05199996,1.01974654
1.05299996,1.01999259
1.05399996,1.00904286
1.05499996,1.00369096
1.05599996,1.00369096
1.05699996,1.00879669
1.05799996,1.01870084
1.05899996,1.02349901
1.05999996,1.02251470
1.06099996,1.02226865
1.06199996,1.02226865
1.06299996,1.02251470
1.06399996,1.02349901
1.06499996,1.01845467
1.06599996,1.00750494
1.06699996,1.00775099
1.06799996,1.01974654
1.06899996,1.01999259
1.06999996,1.00904286
1.07099996,1.00369096
1.07199996,1.00369096
1.07299996,1.00879669
1.07399996,1.01870084
1.07499996,1.02380657
1.07599996,1.02380657
1.07699996,1.01845467
1.07799996,1.00750494
1.07899996,1.00750494
1.07999996,1.01845467
1.08099996,1.02349901
1.08199996,1.02251470
1.08299996,1.02251470
1.08399996,1.02349901
1.08499996,1.01870084
1.08599996,1.00879669
1.08699996,1.00399852
1.08799996,1.00498283
1.08899996,1.00522888
1.08999996,1.00522888
1.09099996,1.00498283
1.09199996,1.00399852
1.09299996,1.00879669
1.09399996,1.01870084
1.09499996,1.02349901
1.09599996,1.02251470
1.09699996,1.02226865
1.09799996,1.02226865
1.09899996,1.02251470
1.09999996,1.02349901
1.10099996,1.01870084
1.10199996,1.00879669
1.10299996,1.00369096
1.10399996,1.00369096
1.10499996,1.00879669
1.10599996,1.01870084
1.10699996,1.02349901
1.10799996,1.02251470
1.10899996,1.02251470
1.10999996,1.02349901
1.11099996,1.01845467
1.11199996,1.00750494
1.11299996,1.00750494
1.11399996,1.01845467
1.11499996,1.02349901
1.11599996,1.02251470
1.11699996,1.02251470
1.11799996,1.02349901
1.11899996,1.01845467
1.11999996,1.00750494
1.12099996,1.00775099
1.12199996,1.01974654
1.12299996,1.01974654
1.12399996,1.00775099
1.12499996,1.00750494
1.12599996,1.01845467
1.12699996,1.02349901
1.12799996,1.02251470
1.12899996,1.02226865
1.12999996,1.02226865
1.13099996,1.02226865
1.13199996,1.02226865
1.13299996,1.02251470
1.13399996,1.02349901
1.13499996,1.01845467
1.13599996,1.00750494
1.13699996,1.00750494
1.13799996,1.01845467
1.13899996,1.02349901
1.13999996,1.02251470
1.14099996,1.02226865
1.14199996,1.02226865
1.14299996,1.02251470
1.14399996,1.02349901
1.14499996,1.01870084
1.14599996,1.00879669
1.14699996,1.00399852
1.14799996,1.00498283
1.14899996,1.00522888
1.14999996,1.00522888
1.15099996,1.00498283
1.15199996,1.00399852
1.15299996,1.00879669
1.15399996,1.01870084
1.15499996,1.02349901
1.15599996,1.02251470
1.15699996,1.02251470
1.15799996,1.02349901
1.15899996,1.01845467
1.15999996,1.00750494
1.16099996,1.00750494
1.16199996,1.01845467
1.16299996,1.02380657
1.16399996,1.02380657
1.16499996,1.01870084
1.16599996,1.00879669
1.16699996,1.00369096
1.16799996,1.00369096
1.16899996,1.00904286
1.16999996,1.01999259
1.17099996,1.01974654
1.17199996,1.00775099
1.17299996,1.00750494
1.17399996,1.01845467
1.17499996,1.02349901
1.17599996,1.02251470
1.17699996,1.02226865
1.17799996,1.02226865
1.17899996,1.02251470
1.17999996,1.02349901
1.18099996,1.01870084
1.18199996,1.00879669
1.18299996,1.00369096
1.18399996,1.00369096
1.18499996,1.00904286
1.18599996,1.01999259
1.18699996,1.01974654
1.18799996,1.00775099
1.18899996,1.00750494
1.18999996,1.01845467
1.19099996,1.02380657
1.19199996,1.02380657
1.19299996,1.01845467
1.19399996,1.00750494
1.19499996,1.00775099
1.19599996,1.01974654
1.19699996,1.01999259
1.19799996,1.00904286
1.19899996,1.00369096
1.19999996,1.00369096
1.20099996,1.00904286
1.20199996,1.01999259
1.20299996,1.01999259
1.20399996,1.00904286
1.20499996,1.00369096
1.20599996,1.00369096
1.20699996,1.00904286
1.20799996,1.01999259
1.20899996,1.01974654
1.20999996,1.00775099
1.21099996,1.00775099
1.21199996,1.01974654
1.21299996,1.01999259
1.21399996,1.00904286
1.21499996,1.00399852
1.21599996,1.00498283
1.21699996,1.00522888
1.21799996,1.00522888
1.21899996,1.00522888
1.21999996,1.00522888
1.22099996,1.00498283
1.22199996,1.00399852
1.22299996,1.00879669
1.22399995,1.01870084
1.22499995,1.02349901
1.22599995,1.02251470
1.22699995,1.02251470
1.22799995,1.02349901
1.22899995,1.01870084
1.22999995,1.00879669
1.23099995,1.00369096
1.23199995,1.00369096
1.23299995,1.00904286
1.23399995,1.01999259
1.23499995,1.01974654
1.23599995,1.00775099
1.23699995,1.00750494
1.23799995,1.01845467
1.23899995,1.02380657
1.23999995,1.02380657
1.24099995,1.01845467
1.24199995,1.00750494
1.24299995,1.00775099
1.24399995,1.01974654
1.24499995,1.01999259
1.24599995,1.00904286
1.24699995,1.00369096
1.24799995,1.00369096
1.24899995,1.00904286
1.24999995,1.01999259
1.25099995,1.01999259
1.25199995,1.00904286
1.25299995,1.00369096
1.25399995,1.00369096
1.25499995,1.00904286
1.25599995,1.01999259
1.25699995,1.01974654
1.25799995,1.00775099
1.25899995,1.00775099
1.25999995,1.01974654
1.26099995,1.01999259
1.26199995,1.00904286
1.26299995,1.00369096
1.26399995,1.00369096
1.26499995,1.00879669
1.26599995,1.01870084
1.26699995,1.02349901
1.26799995,1.02251470
1.26899995,1.02226865
1.26999995,1.02226865
1.27099995,1.02251470
1.27199995,1.02349901
1.27299995,1.01845467
1.27399995,1.00750494
1.27499995,1.00775099
1.27599995,1.01974654
1.27699995,1.01999259
1.27799995,1.00904286
1.27899995,1.00369096
1.27999995,1.00369096
1.28099995,1.00879669
1.28199995,1.01870084
1.28299995,1.02380657
1.28399995,1.02380657
1.28499995,1.01845467
1.28599995,1.00750494
1.28699995,1.00775099
1.28799995,1.01974654
1.28899995,1.01974654
1.28999995,1.00775099
1.29099995,1.00775099
1.29199995,1.01974654
1.29299995,1.01999259
1.29399995,1.00904286
1.29499995,1.00369096
1.29599995,1.00369096
1.29699995,1.00879669
1.29799995,1.01870084
1.29899995,1.02349901
1.29999995,1.02251470
1.30099995,1.02226865
1.30199995,1.02226865
1.30299995,1.02251470
1.30399995,1.02349901
1.30499995,1.01845467
1.30599995,1.00750494
1.30699995,1.00775099
1.30799995,1.01974654
1.30899995,1.01999259
1.30999995,1.00904286
1.31099995,1.00369096
1.31199995,1.00369096
1.31299995,1.00879669
1.31399995,1.01870084
1.31499995,1.02380657
1.31599995,1.02380657
1.31699995,1.01845467
1.31799995,1.00750494
1.31899995,1.00750494
1.31999995,1.01845467
1.32099995,1.02349901
1.32199995,1.02251470
1.32299995,1.02251470
1.32399995,1.02349901
1.32499995,1.01870084
1.32599995,1.00879669
1.32699995,1.00369096
1.32799995,1.00369096
1.32899995,1.00879669
1.32999995,1.01870084
1.33099995,1.02349901
1.33199995,1.02251470
1.33299995,1.02226865
1.33399995,1.02226865
1.33499995,1.02251470
1.33599995,1.02349901
1.33699995,1.01845467
1.33799995,1.00750494
1.33899995,1.00775099
1.33999995,1.01974654
1.34099995,1.01999259
1.34199995,1.00904286
1.34299995,1.00369096
1.34399995,1.00369096
1.34499995,1.00879669
1.34599995,1.01870084
1.34699995,1.02380657
1.34799995,1.02380657
1.34899995,1.01845467
1.34999995,1.00750494
1.35099995,1.00750494
1.35199995,1.01845467
1.35299995,1.02349901
1.35399995,1.02251470
1.35499995,1.02226865
1.35599995,1.02226865
1.35699995,1.02251470
1.35799995,1.02349901
1.35899995,1.01845467
1.35999995,1.00750494
1.36099995,1.00750494
1.36199995,1.01845467
1.36299995,1.02349901
1.36399995,1.02251470
1.36499995,1.02226865
1.36599995,1.02226865
1.36699995,1.02251470
1.36799995,1.02349901
1.36899995,1.01845467
1.36999995,1.00750494
1.37099995,1.00775099
1.37199995,1.01974654
1.37299995,1.01999259
1.37399995,1.00904286
1.37499995,1.00369096
1.37599995,1.00369096
1.37699995,1.00879669
1.37799995,1.01870084
1.37899995,1.02380657
1.37999995,1.02380657
1.38099995,1.01845467
1.38199995,1.00750494
1.38299995,1.00750494
1.38399995,1.01845467
1.38499995,1.02349901
1.38599995,1.02251470
1.38699995,1.02251470
1.38799995,1.02349901
1.38899995,1.01870084
1.38999995,1.00879669
1.39099995,1.00369096
1.39199995,1.00369096
1.39299995,1.00879669
1.39399995,1.01870084
1.39499995,1.02349901
1.39599995,1.02251470
1.39699995,1.02226865
1.39799995,1.02226865
1.39899995,1.02251470
1.39999995,1.02349901
1.40099995,1.01845467
1.40199995,1.00750494
1.40299995,1.00775099
1.40399995,1.01974654
1.40499995,1.01999259
1.40599995,1.00904286
1.40699995,1.00369096
1.40799995,1.00369096
1.40899995,1.00879669
1.40999995,1.01870084
1.41099995,1.02380657
1.41199995,1.02380657
1.41299995,1.01845467
1.41399995,1.00750494
1.41499995,1.00775099
1.41599995,1.01974654
1.41699995,1.01974654
1.41799995,1.00775099
1.41899995,1.00750494
1.41999995,1.01845467
1.42099995,1.02380657
1.42199995,1.02380657
1.42299995,1.01845467
1.42399995,1.00750494
1.42499995,1.00750494
1.42599995,1.01845467
1.42699995,1.02349901
1.42799995,1.02251470
1.42899995,1.02226865
1.42999995,1.02226865
1.43099995,1.02251470
1.43199995,1.02349901
1.43299995,1.01845467
1.43399995,1.00750494
1.43499995,1.00775099
1.43599995,1.01974654
1.43699995,1.01999259
1.43799995,1.00904286
1.43899995,1.00369096
1.43999995,1.00369096
1.44099995,1.00879669
1.44199995,1.01870084
1.44299995,1.02380657
1.44399995,1.02380657
1.44499995,1.01845467
1.44599995,1.00750494
1.44699995,1.00750494
1.44799995,1.01845467
1.44899995,1.02349901
1.44999995,1.02251470
1.45099995,1.02226865
1.45199995,1.02226865
1.45299995,1.02251470
1.45399995,1.02349901
1.45499995,1.01845467
1.45599995,1.00750494
1.45699995,1.00750494
1.45799995,1.01845467
1.45899995,1.02349901
1.45999995,1.02251470
1.46099995,1.02226865
1.46199995,1.02226865
1.46299995,1.02251470
1.46399995,1.02349901
1.46499995,1.01845467
1.46599995,1.00750494
1.46699995,1.00775099
1.46799995,1.01974654
1.46899995,1.01999259
1.46999995,1.00904286
1.47099995,1.00369096
1.47199995,1.00369096
1.47299995,1.00879669
1.47399995,1.01870084
1.47499995,1.02349901
1.47599995,1.02251470
1.47699995,1.02226865
1.47799995,1.02226865
1.47899995,1.02251470
1.47999995,1.02349901
1.48099995,1.01845467
1.48199995,1.00750494
1.48299995,1.00750494
1.48399995,1.01845467
1.48499995,1.02380657
1.48599995,1.02380657
1.48699995,1.01845467
1.48799995,1.00750494
1.48899995,1.00775099
1.48999995,1.01974654
1.49099995,1.01974654
1.49199995,1.00775099
1.49299995,1.00750494
1.49399995,1.01845467
1.49499995,1.02380657
1.49599995,1.02380657
1.49699995,1.01845467
1.49799995,1.00750494
1.49899995,1.00775099
1.49999995,1.01974654
1.50099995,1.01999259
1.50199995,1.00904286
1.50299995,1.00369096
1.50399995,1.00369096
1.50499995,1.00879669
1.50599995,1.01870084
1.50699995,1.02349901
1.50799995,1.02251470
1.50899995,1.02226865
1.50999995,1.02226865
1.51099995,1.02251470
1.51199995,1.02349901
1.51299995,1.01845467
1.51399995,1.00750494
1.51499995,1.00775099
1.51599995,1.01974654
1.51699995,1.01999259
1.51799995,1.00904286
1.51899995,1.00369096
1.51999995,1.00369096
1.52099995,1.00904286
1.52199995,1.01999259
1.52299995,1.01974654
1.52399995,1.00775099
1.52499995,1.00750494
1.52599995,1.01845467
1.52699995,1.02380657
1.52799995,1.02380657
1.52899995,1.01845467
1.52999995,1.00750494
1.53099995,1.00775099
1.53199995,1.01974654
1.53299995,1.01999259
1.53399995,1.00904286
1.53499995,1.00369096
1.53599995,1.00369096
1.53699995,1.00879669
1.53799995,1.01870084
1.53899995,1.02349901
1.53999995,1.02251470
1.54099995,1.02226865
1.54199995,1.02226865
1.54299995,1.02251470
1.54399995,1.02349901
1.54499995,1.01845467
1.54599995,1.00750494
1.54699995,1.00775099
1.54799995,1.01974654
1.54899995,1.01999259
1.54999995,1.00904286
1.55099995,1.00369096
1.55199995,1.00369096
1.55299995,1.00904286
1.55399995,1.01999259
1.55499995,1.01974654
1.55599995,1.00775099
1.55699995,1.00750494
1.55799995,1.01845467
1.55899995,1.02349901
1.55999995,1.02251470
1.56099995,1.02226865
1.56199995,1.02226865
1.56299995,1.02251470
1.56399995,1.02349901
1.56499995,1.01870084
1.56599995,1.00879669
1.56699995,1.00369096
1.56799995,1.00369096
1.56899995,1.00879669
1.56999995,1.01870084
1.57099995,1.02349901
1.57199995,1.02251470
1.57299995,1.02226865
1.57399995,1.02226865
1.57499995,1.02251470
1.57599995,1.02349901
1.57699994,1.01845467
1.57799994,1.00750494
1.57899994,1.00750494
1.57999994,1.01845467
1.58099994,1.02380657
1.58199994,1.02380657
1.58299994,1.01845467
1.58399994,1.00750494
1.58499994,1.00775099
1.58599994,1.01974654
1.58699994,1.01974654
1.58799994,1.00775099
1.58899994,1.00750494
1.58999994,1.01845467
1.59099994,1.02349901
1.59199994,1.02251470
1.59299994,1.02226865
1.59399994,1.02226865
1.59499994,1.02226865
1.59599994,1.02226865
1.59699994,1.02251470
1.59799994,1.02349901
1.59899994,1.01845467
1.59999994,1.00750494
1.60099994,1.00750494
1.60199994,1.01845467
1.60299994,1.02349901
1.60399994,1.02251470
