name,group,Gamma_L,Z_L,dt_echo
cable1-2_open,dielectric,0.84+/-0.09,(9+/-5)e+02,0.8369999800000001
cable1-2_short,dielectric,-0.71+/-0.05,12.6+/-2.7,0.84249998
cable1_open,dielectric,0.93+/-0.09,(1.9+/-2.3)e+03,0.28299999
cable1_short,dielectric,-0.91+/-0.06,3.5+/-2.6,0.28899999
cable2_open,dielectric,0.89+/-0.08,(1.3+/-1.0)e+03,0.5529999800000001
cable2_short,dielectric,-0.77+/-0.05,9.9+/-2.5,0.5589999800000001
cable3_matched,dielectric,-0.000+/-0.018,50.0+/-2.7,0.7219999800000001
cable3_open,dielectric,0.91+/-0.09,(1.1+/-1.2)e+03,0.73599998
cable3_short,dielectric,-0.82+/-0.06,5.0+/-1.8,0.74799998
